{"cameraMode":{"drawMode":0,"name":"Shaded","section":"Shading Mode"},"sceneLighting":true,"audioPlay":false,"sceneViewState":{"m_AlwaysRefresh":false,"showFog":true,"showSkybox":true,"showFlares":true,"showImageEffects":true,"showParticleSystems":true,"showVisualEffectGraphs":true,"m_FxEnabled":true},"in2DMode":false,"pivot":{"x":2.916918992996216,"y":-7.029185771942139,"z":-0.11759240180253983},"rotation":{"x":-0.6354707479476929,"y":-0.16597779095172883,"z":0.14244817197322846,"w":-0.7405117154121399},"size":21.657703399658204,"orthographic":false}